gewaesser_id,gewaessername,messstellen_id,name,messstellentyp_opt,stationierung_st_3,rechtswert,hochwert,e32,n32,ofwk_nrw_id,brd_typ,oekoregion,geochemie_opt
"476142","Roncevabach","756003","uh KA Lübbecke",1.0000000000000000e+00,5.1800000667599999e-01,3.4740400000000000e+06,5.7992800000000000e+06,4.7397800000000000e+05,5.7974010000000000e+06,,,,
"2","Rhein","000474","Xanten",1.0000000000000000e+00,8.2328802490234398e+02,2.5333540000000000e+06,5.7257090000000000e+06,3.2582400000000000e+05,5.7267520000000000e+06,"DE_NRW_2_813012","20 - sandgeprägte Ströme","Norddeutsches Tiefland",2.0000000000000000e+00
